{
    "0": {
        "precision": 0.974968933072963,
        "recall": 0.539807352073914,
        "f1-score": 0.6948820142974631,
        "support": 10174.0
    },
    "1": {
        "precision": 0.03801109513047052,
        "recall": 0.5674846625766872,
        "f1-score": 0.07124975929135374,
        "support": 326.0
    },
    "accuracy": 0.5406666666666666,
    "macro avg": {
        "precision": 0.5064900141017168,
        "recall": 0.5536460073253006,
        "f1-score": 0.38306588679440845,
        "support": 10500.0
    },
    "weighted avg": {
        "precision": 0.9458786230568438,
        "recall": 0.5406666666666667,
        "f1-score": 0.6755197176182258,
        "support": 10500.0
    }
}